{"time_signal_real": [250.50076070407545, 101.78449121825281, 3.028345262464599, 1.0491284160389673, 0.4837808292379876, 0.24324933875874644, 0.12121458579942268, 0.05431626618745461, 0.018044940287424913, 0.001929302388371044, 0.001929302388371044, 0.018044940287424913, 0.05431626618745461, 0.12121458579942268, 0.24324933875874644, 0.4837808292379876, 1.0491284160389673, 3.028345262464599, 101.78449121825281], "time_signal_imag": [0.0, -16.98482753855674, -1.039632241766641, -0.5677599062960823, -0.37654173361446613, -0.26423922084673523, -0.1855327354170497, -0.12382861423161451, -0.0712578577137718, -0.023283217269172502, 0.023283217269172502, 0.0712578577137718, 0.12382861423161451, 0.1855327354170497, 0.26423922084673523, 0.37654173361446613, 0.5677599062960823, 1.039632241766641, 16.98482753855674], "peak_indices": [], "peak_differences": []}